feature,gain
is_new_beneficiary,243026.69950446486
amount,119858.57099705737
transdate_day,85903.6561743645
amount_count,48768.02196971234
log_amount,22215.01181064034
amount_mean,17627.59311351739
amount_std,7807.4764049833175
hour,4010.777913948521
dow,3927.599006421515
amount_sum,1219.4074135753326
is_weekend,0.0
